IP_PROP15;IP_PROP16
;
/upload/iblock/b8e/b8e6d36d0b94dd6a7357d9875a963424.jpg;/upload/iblock/7b5/7b56d6aca04d41d48acf1beb299b6008.jpg
/upload/iblock/b8e/b8e6d36d0b94dd6a7357d9875a963424.jpg;/upload/iblock/955/95580f63127c6418efa36bd50bc55c13.jpg
/upload/iblock/b8e/b8e6d36d0b94dd6a7357d9875a963424.jpg;/upload/iblock/028/02868bf37f1e8689de1f58352fdb716d.jpg
/upload/iblock/b8e/b8e6d36d0b94dd6a7357d9875a963424.jpg;/upload/iblock/95d/95da1c74c87cb49206c01a2cc8ec2e23.jpg
/upload/iblock/b8e/b8e6d36d0b94dd6a7357d9875a963424.jpg;/upload/iblock/084/084da90d2961781987fed2d8c6fd0f7f.jpg
/upload/iblock/b8e/b8e6d36d0b94dd6a7357d9875a963424.jpg;/upload/iblock/65a/65aa8f4f187f4090e06f9d3629dd03fa.jpg
/upload/iblock/b8e/b8e6d36d0b94dd6a7357d9875a963424.jpg;/upload/iblock/e46/e467f9932e72bc283b6526dba6576136.jpg
/upload/iblock/b8e/b8e6d36d0b94dd6a7357d9875a963424.jpg;/upload/iblock/246/246ee033bf0f35c1e3c09625f39d5fac.jpg
/upload/iblock/b8e/b8e6d36d0b94dd6a7357d9875a963424.jpg;/upload/iblock/6cd/6cdee21877a1c71b6a2fb90456f1acf8.jpg
/upload/iblock/57b/57beae5d044282dced055051427e218a.jpg;/upload/iblock/2f3/2f3d5e7edd8fdd9294bca44f66c172f7.jpg
/upload/iblock/57b/57beae5d044282dced055051427e218a.jpg;/upload/iblock/702/702f116b83231919a3bab243428dc766.jpg
/upload/iblock/57b/57beae5d044282dced055051427e218a.jpg;/upload/iblock/66f/66fe76c32dfc9601593ea2a17b96b0a0.jpg
/upload/iblock/57b/57beae5d044282dced055051427e218a.jpg;/upload/iblock/6bb/6bb3f5785cb603bf5af606210a15f951.jpg
/upload/iblock/57b/57beae5d044282dced055051427e218a.jpg;/upload/iblock/96c/96c45d9defb9953544333c7d0b121cdb.jpg
/upload/iblock/57b/57beae5d044282dced055051427e218a.jpg;/upload/iblock/cf4/cf44277b208644f7bb1b10741f1f5183.jpg
/upload/iblock/55e/55ee811d86340d855a550634836f9549.jpg;/upload/iblock/983/983b39c1044a3466a3441ed3dcd88d29.jpg
/upload/iblock/55e/55ee811d86340d855a550634836f9549.jpg;/upload/iblock/672/672a4ac44dba5750201ed823fdde5100.jpg
/upload/iblock/55e/55ee811d86340d855a550634836f9549.jpg;/upload/iblock/867/86753c1db3c3f315cebc7547cf98de73.jpg
/upload/iblock/55e/55ee811d86340d855a550634836f9549.jpg;/upload/iblock/e89/e89867233f788c006b8ce00c06484f95.jpg
/upload/iblock/55e/55ee811d86340d855a550634836f9549.jpg;/upload/iblock/574/574c79d956695255dd8cab61a8f2658b.jpg
/upload/iblock/55e/55ee811d86340d855a550634836f9549.jpg;/upload/iblock/bce/bce206033f82e6950ce947ed67fb89bb.jpg
/upload/iblock/55e/55ee811d86340d855a550634836f9549.jpg;/upload/iblock/3d4/3d4df5ff3709907bf2218a4f4da9f903.jpg
/upload/iblock/55e/55ee811d86340d855a550634836f9549.jpg;/upload/iblock/561/561c1aa653060eb8f59517f40c049557.jpg
/upload/iblock/55e/55ee811d86340d855a550634836f9549.jpg;/upload/iblock/528/528292ee3d32ad743e4739873108b78e.jpg
/upload/iblock/55e/55ee811d86340d855a550634836f9549.jpg;/upload/iblock/b05/b05a35a211eee9234cfd4141e299d9c2.jpg
/upload/iblock/322/322e0a95a2669bcbf50a78e642a90533.jpg;/upload/iblock/834/834266d27bd8f4af81b0de772622f8c8.jpg
/upload/iblock/322/322e0a95a2669bcbf50a78e642a90533.jpg;/upload/iblock/25c/25c080f7760f1caec6c849573cb6df68.jpg
/upload/iblock/322/322e0a95a2669bcbf50a78e642a90533.jpg;/upload/iblock/3f2/3f20d1c6040af32051e005445dfeff40.jpg
/upload/iblock/322/322e0a95a2669bcbf50a78e642a90533.jpg;/upload/iblock/b08/b08023bd1f50ac34526236d7b6c760d0.jpg
/upload/iblock/322/322e0a95a2669bcbf50a78e642a90533.jpg;/upload/iblock/2ef/2ef781a6fca65b8d762709b719897139.jpg
/upload/iblock/9a5/9a5fb5e1a9843b52060c1b5308d12252.jpg;/upload/iblock/173/173f484049617eb62515be94e239e9a1.jpg
/upload/iblock/9a5/9a5fb5e1a9843b52060c1b5308d12252.jpg;/upload/iblock/03d/03d071f42c4d7a3b2b0be52e838c56bd.jpg
/upload/iblock/9a5/9a5fb5e1a9843b52060c1b5308d12252.jpg;/upload/iblock/026/026db40e6763c08c4c234e39b7fc2d8d.jpg
/upload/iblock/9a5/9a5fb5e1a9843b52060c1b5308d12252.jpg;/upload/iblock/8ba/8ba9f15a890239efcd8234055132f403.jpg
/upload/iblock/9a5/9a5fb5e1a9843b52060c1b5308d12252.jpg;/upload/iblock/a5c/a5c4e06a5fed13f1b2651e51edf7f13f.jpg
/upload/iblock/9a5/9a5fb5e1a9843b52060c1b5308d12252.jpg;/upload/iblock/71a/71a643d142162633824e607b9abf524c.jpg
/upload/iblock/60b/60b008e3f67476a84abd49b86e6ccf08.jpg;/upload/iblock/372/37212283f20f942a890a17cf9a3fcf6e.jpg
/upload/iblock/60b/60b008e3f67476a84abd49b86e6ccf08.jpg;/upload/iblock/ed6/ed674ca0154bec223c287d7c371d2a0a.jpg
/upload/iblock/60b/60b008e3f67476a84abd49b86e6ccf08.jpg;/upload/iblock/01f/01f5f158f22907ebe7abc63977b41c88.jpg
/upload/iblock/60b/60b008e3f67476a84abd49b86e6ccf08.jpg;/upload/iblock/0b1/0b15f50e90616cfae9d3da7140222e95.jpg
/upload/iblock/60b/60b008e3f67476a84abd49b86e6ccf08.jpg;/upload/iblock/e52/e52977e7e493a35b0c5c0186e0e1d93e.jpg
/upload/iblock/60b/60b008e3f67476a84abd49b86e6ccf08.jpg;/upload/iblock/7b1/7b1b4a8680c50a2568021aefbd65c4e9.jpg
/upload/iblock/60b/60b008e3f67476a84abd49b86e6ccf08.jpg;/upload/iblock/58c/58cfbc6858b30011b07c54411756e5b7.jpg
/upload/iblock/e96/e9693fe0a5cc39911f2bd7298ee390ea.jpg;/upload/iblock/504/50480bcdc24a78a69a1954ddde26f7a2.jpeg
/upload/iblock/e96/e9693fe0a5cc39911f2bd7298ee390ea.jpg;/upload/iblock/08f/08fe6e88d35432703038985b8132ccea.jpeg
/upload/iblock/e96/e9693fe0a5cc39911f2bd7298ee390ea.jpg;/upload/iblock/206/206618b5cc2a0d73a34d16acf3154e31.jpeg
/upload/iblock/e96/e9693fe0a5cc39911f2bd7298ee390ea.jpg;/upload/iblock/43c/43cc674373cc2e86c8e2cf9c5e60215b.jpeg
/upload/iblock/e96/e9693fe0a5cc39911f2bd7298ee390ea.jpg;/upload/iblock/37f/37f97d1674a6f500a3b59ac9b0ae2646.jpeg
/upload/iblock/e96/e9693fe0a5cc39911f2bd7298ee390ea.jpg;/upload/iblock/e74/e74118baca9d0de6718c57454d29a592.jpeg
/upload/iblock/e96/e9693fe0a5cc39911f2bd7298ee390ea.jpg;/upload/iblock/3a9/3a9aae80e4bfcdc85e7899f5b9f7d21e.jpeg
/upload/iblock/e96/e9693fe0a5cc39911f2bd7298ee390ea.jpg;/upload/iblock/5b7/5b79fe007fcb51341cd2fcc8033ea920.jpeg
/upload/iblock/dd9/dd90fdbb21321d976bfa0b69b2baa84d.jpg;/upload/iblock/0de/0deed4e5fc74d0994215be06cd244b4b.jpg
/upload/iblock/dd9/dd90fdbb21321d976bfa0b69b2baa84d.jpg;/upload/iblock/779/77929a49f29a317b4df098965ca52ec6.jpg
/upload/iblock/dd9/dd90fdbb21321d976bfa0b69b2baa84d.jpg;/upload/iblock/530/5308bbd20cd17f0ed195515cdf405d93.jpg
/upload/iblock/dd9/dd90fdbb21321d976bfa0b69b2baa84d.jpg;/upload/iblock/4da/4dae9f5811e7372b5385a4ab7c8c43eb.jpg
/upload/iblock/dd9/dd90fdbb21321d976bfa0b69b2baa84d.jpg;/upload/iblock/1e5/1e5201ba9c538f6adcfb33f920050575.jpg
/upload/iblock/dd9/dd90fdbb21321d976bfa0b69b2baa84d.jpg;/upload/iblock/d89/d894c354b36bb7b267a5f119a488721c.jpg
/upload/iblock/dd9/dd90fdbb21321d976bfa0b69b2baa84d.jpg;/upload/iblock/ece/ece642673ac82a173e1901a0d51ede62.jpg
/upload/iblock/dd9/dd90fdbb21321d976bfa0b69b2baa84d.jpg;/upload/iblock/75e/75e28f59fe82a63922c399b2179e279e.jpg
/upload/iblock/6f9/6f983409707b5e34420452634d7b2728.jpg;/upload/iblock/987/987cbd5f9819901a48a4983f967c28cc.jpg
/upload/iblock/6f9/6f983409707b5e34420452634d7b2728.jpg;/upload/iblock/a97/a9731ecbc7a25bfb78f0665b3f9b90a3.jpg
/upload/iblock/6f9/6f983409707b5e34420452634d7b2728.jpg;/upload/iblock/ca6/ca6ea6e4193c2e3c693afac6f61c24cf.jpg
/upload/iblock/6f9/6f983409707b5e34420452634d7b2728.jpg;/upload/iblock/432/432fb0a5ee61f3db0955ecc3b6281930.jpg
/upload/iblock/6f9/6f983409707b5e34420452634d7b2728.jpg;/upload/iblock/729/729c061c8b9c14cad806e59b7134a604.jpg
/upload/iblock/6f9/6f983409707b5e34420452634d7b2728.jpg;/upload/iblock/d90/d90f49ec27453eba4f49a71138a7154e.jpg
/upload/iblock/6f9/6f983409707b5e34420452634d7b2728.jpg;/upload/iblock/0e0/0e0126dce8c9730fdcf1c121dba0f262.jpg
/upload/iblock/6f9/6f983409707b5e34420452634d7b2728.jpg;/upload/iblock/fea/fea54f56eb51851147d824fcc04a2899.jpg
/upload/iblock/6f9/6f983409707b5e34420452634d7b2728.jpg;/upload/iblock/0bc/0bcad9555c5ada644faebc8a34e1c4b0.jpg
/upload/iblock/6f9/6f983409707b5e34420452634d7b2728.jpg;/upload/iblock/8e8/8e8d5e58099d795abd3536bbf18acb9b.jpg
/upload/iblock/6f9/6f983409707b5e34420452634d7b2728.jpg;/upload/iblock/d93/d939c8a0c841da606e21ce659b82a367.jpg
/upload/iblock/354/354fdcbf08684041e197567fa3412e3a.jpg;
/upload/iblock/02a/02a32c593515cd1523c5f081ab7e9482.jpg;
;
/upload/iblock/bca/bca535c83b199875e01c6b6eda084f96.jpg;
/upload/iblock/ab5/ab571b7c146de85b19ecfc78c167d2bf.png;
/upload/iblock/eee/eee654df4d8fb305796bce727393081e.jpg;
/upload/iblock/74a/74a159bccbeb6a5aa6d9e308375705aa.jpg;
/upload/iblock/4c4/4c436a27d52df6ff9c441efa4e582a15.png;
/upload/iblock/a07/a076616bcb9de5108686b983cc4233e5.jpg;
/upload/iblock/91b/91b8e411efac8ec2936db609e6d6a3d0.jpg;
/upload/iblock/c49/c49cbf24dbe0686bc1ef8bbabf55270e.jpg;
/upload/iblock/922/922257ace12e19da9679fecbb26ef510.jpg;
/upload/iblock/1f0/1f0fb1dbe412cd54f74c3bfcfbe574be.png;/upload/iblock/5ca/5ca9186a370fa98f3752980b0ae1e33c.jpg
/upload/iblock/517/5171cb72c692424635f3bbb3cfd8c5ab.jpg;/upload/iblock/5ca/5ca9186a370fa98f3752980b0ae1e33c.jpg
/upload/iblock/461/461f9a4a857daedf1e2a1fb6dc92c62a.jpg;/upload/iblock/5ca/5ca9186a370fa98f3752980b0ae1e33c.jpg
/upload/iblock/981/981e62cffec4fff13fafadfc39486da3.jpg;/upload/iblock/65b/65bf620dd9491978e5a2b036f7b3dcdc.jpg
/upload/iblock/cbf/cbfc420c0b358da1ac78f402c0ce4f91.jpg;/upload/iblock/65b/65bf620dd9491978e5a2b036f7b3dcdc.jpg
/upload/iblock/639/6398c2dba4839732efcdb0abb609008f.jpg;/upload/iblock/65b/65bf620dd9491978e5a2b036f7b3dcdc.jpg
/upload/iblock/d42/d42fc30690ded862565b14e7c88017a8.jpg;/upload/iblock/65b/65bf620dd9491978e5a2b036f7b3dcdc.jpg
/upload/iblock/4c8/4c8daeceb6ab309ce454e024dd79162d.jpg;/upload/iblock/65b/65bf620dd9491978e5a2b036f7b3dcdc.jpg
/upload/iblock/cd8/cd881b5a5e189ed57a891162aea10be6.jpg;/upload/iblock/65b/65bf620dd9491978e5a2b036f7b3dcdc.jpg
/upload/iblock/407/40707096d3afe868c04af97d64c04b22.jpg;/upload/iblock/9c9/9c97961470f4efb0371217cb4eded58e.jpg
/upload/iblock/407/40707096d3afe868c04af97d64c04b22.jpg;/upload/iblock/69e/69e75a0f06242142838611f752480727.jpg
/upload/iblock/407/40707096d3afe868c04af97d64c04b22.jpg;/upload/iblock/ee5/ee5385c31622771ebc1be8835cc4abd8.jpg
/upload/iblock/407/40707096d3afe868c04af97d64c04b22.jpg;/upload/iblock/ec2/ec2baaab368097b2598539c349d053ad.jpg
/upload/iblock/0da/0da5a8a2f231584b792220cfa5614f62.jpg;/upload/iblock/9c9/9c97961470f4efb0371217cb4eded58e.jpg
/upload/iblock/0da/0da5a8a2f231584b792220cfa5614f62.jpg;/upload/iblock/69e/69e75a0f06242142838611f752480727.jpg
/upload/iblock/0da/0da5a8a2f231584b792220cfa5614f62.jpg;/upload/iblock/ee5/ee5385c31622771ebc1be8835cc4abd8.jpg
/upload/iblock/0da/0da5a8a2f231584b792220cfa5614f62.jpg;/upload/iblock/ec2/ec2baaab368097b2598539c349d053ad.jpg
/upload/iblock/a44/a446c436635a3852bdfceb8bdeebdc79.png;
/upload/iblock/014/014cf88875e7f5993ddeed74890a0b15.jpg;
/upload/iblock/e38/e38a97d10d0efbd2df608647351b8cd0.jpg;
/upload/iblock/a74/a74f11d6e3bdad7ca0d0e158a5cd2c37.jpg;/upload/iblock/33c/33ca2e3096276fd9aaf6e334d5defbee.jpg
/upload/iblock/a74/a74f11d6e3bdad7ca0d0e158a5cd2c37.jpg;/upload/iblock/b4e/b4eec2c6fc7c64ff5883f77d11043df4.jpg
/upload/iblock/a74/a74f11d6e3bdad7ca0d0e158a5cd2c37.jpg;/upload/iblock/ede/ede723292e6f460fdd80de7cffafbed0.jpg
/upload/iblock/a74/a74f11d6e3bdad7ca0d0e158a5cd2c37.jpg;/upload/iblock/ae2/ae2e84df3b208dd72503432004ae2481.jpg
/upload/iblock/a74/a74f11d6e3bdad7ca0d0e158a5cd2c37.jpg;/upload/iblock/8f1/8f10a0757af64288c6a59a302ca093ce.jpg
/upload/iblock/a74/a74f11d6e3bdad7ca0d0e158a5cd2c37.jpg;/upload/iblock/a8f/a8f3c62943b9ca36742376fd27d81497.jpg
/upload/iblock/a74/a74f11d6e3bdad7ca0d0e158a5cd2c37.jpg;/upload/iblock/c6e/c6e670a0af9605144d9727c430c1b57f.jpg
/upload/iblock/a74/a74f11d6e3bdad7ca0d0e158a5cd2c37.jpg;/upload/iblock/891/891e3db0398f6e1c5b0d95d379360dc0.jpg
/upload/iblock/70c/70c8c1a0458ea913aed8dfc3c578b984.jpg;/upload/iblock/691/69108c27e05bd1f9746ab1da876f30e3.jpg
/upload/iblock/70c/70c8c1a0458ea913aed8dfc3c578b984.jpg;/upload/iblock/893/89386fc5437b2b74b32eb12d8ebafdf5.jpg
/upload/iblock/70c/70c8c1a0458ea913aed8dfc3c578b984.jpg;/upload/iblock/9cf/9cf77bb7e8c34627da277058b75d1eb5.jpg
;
/upload/iblock/079/0794577d34a900ddc0fdcad69e2f56d5.jpg;/upload/iblock/858/858e2800b1330f4ce4e264c23a1d5436.jpg
/upload/iblock/079/0794577d34a900ddc0fdcad69e2f56d5.jpg;/upload/iblock/21d/21dd11bd137be36f6a67c029c3379600.jpg
/upload/iblock/079/0794577d34a900ddc0fdcad69e2f56d5.jpg;/upload/iblock/93e/93ea8cc5f1012d86d8606d2d9d539cd1.jpg
/upload/iblock/079/0794577d34a900ddc0fdcad69e2f56d5.jpg;/upload/iblock/8af/8af540e01e52e985cfa6bcc3d265ef62.jpg
/upload/iblock/079/0794577d34a900ddc0fdcad69e2f56d5.jpg;/upload/iblock/034/0342bdecf51fe9f4b07f71b1f800309b.jpg
/upload/iblock/f89/f893aaed088fcf847eeb4f6c3661bf45.jpg;/upload/iblock/81d/81dc53b33078ac0485acc40b7b51fa38.jpg
/upload/iblock/f89/f893aaed088fcf847eeb4f6c3661bf45.jpg;/upload/iblock/eef/eef3e9ca4ad408525f64c10e1264c4e6.jpg
/upload/iblock/f89/f893aaed088fcf847eeb4f6c3661bf45.jpg;/upload/iblock/c8a/c8aa89d09ec15b0e9d33a718642d4e4d.jpg
/upload/iblock/f89/f893aaed088fcf847eeb4f6c3661bf45.jpg;/upload/iblock/863/863d530164390a2c2ab6e552f13a07d9.jpg
/upload/iblock/f89/f893aaed088fcf847eeb4f6c3661bf45.jpg;/upload/iblock/8d1/8d104b722d7836ef284db9a765ff0c95.jpg
/upload/iblock/f89/f893aaed088fcf847eeb4f6c3661bf45.jpg;/upload/iblock/fe9/fe906de2f44461f1de021eb61fae5d59.jpg
/upload/iblock/f89/f893aaed088fcf847eeb4f6c3661bf45.jpg;/upload/iblock/61e/61e0cc05a4ae8329c5bd510518c11b1d.jpg
/upload/iblock/f89/f893aaed088fcf847eeb4f6c3661bf45.jpg;/upload/iblock/a0a/a0af2e5d4312755b1688a9aaa238ee42.jpg
/upload/iblock/f89/f893aaed088fcf847eeb4f6c3661bf45.jpg;/upload/iblock/b3f/b3f5bf49050d6c805f3d05b65972304c.jpg
/upload/iblock/f89/f893aaed088fcf847eeb4f6c3661bf45.jpg;/upload/iblock/629/629a21aba4812370c1fa02cb0430fde5.jpg
/upload/iblock/f89/f893aaed088fcf847eeb4f6c3661bf45.jpg;/upload/iblock/cdd/cdd406694f1311c00aecc8ae8da3600c.jpg
/upload/iblock/f89/f893aaed088fcf847eeb4f6c3661bf45.jpg;/upload/iblock/991/991e6574a91986b5bccbcbebb5553a63.jpg
/upload/iblock/f89/f893aaed088fcf847eeb4f6c3661bf45.jpg;/upload/iblock/3b5/3b5286b60d37f31104ea8d20e8f6e69d.jpg
/upload/iblock/f89/f893aaed088fcf847eeb4f6c3661bf45.jpg;/upload/iblock/9ed/9ed079a79bd16275547a1cd61bdae271.jpg
/upload/iblock/f89/f893aaed088fcf847eeb4f6c3661bf45.jpg;/upload/iblock/748/748b78874750215d708389200aab08a1.jpg
/upload/iblock/f89/f893aaed088fcf847eeb4f6c3661bf45.jpg;/upload/iblock/2f3/2f3ca44740677248b5f22c60f0fde3b1.jpg
/upload/iblock/f89/f893aaed088fcf847eeb4f6c3661bf45.jpg;/upload/iblock/55c/55c2f72df3900e73dcb4163aaa9adae5.jpg
/upload/iblock/f89/f893aaed088fcf847eeb4f6c3661bf45.jpg;/upload/iblock/979/979a6e0a19f5d0450eefd4f9cd9842cd.jpg
/upload/iblock/f89/f893aaed088fcf847eeb4f6c3661bf45.jpg;/upload/iblock/33c/33c04706209b7f0862ca86f41bbe77f9.jpg
/upload/iblock/f89/f893aaed088fcf847eeb4f6c3661bf45.jpg;/upload/iblock/77a/77a344c2b13b25adf90ea2e9e689fb92.jpg
/upload/iblock/f89/f893aaed088fcf847eeb4f6c3661bf45.jpg;/upload/iblock/cb9/cb907b31b16084acd0f8a4de7eb7301d.jpg
/upload/iblock/f89/f893aaed088fcf847eeb4f6c3661bf45.jpg;/upload/iblock/4d7/4d7bc5763cd4aec4c8a153e7913f9648.jpg
/upload/iblock/f89/f893aaed088fcf847eeb4f6c3661bf45.jpg;/upload/iblock/33d/33d49d1446eda584b86a8cf3bd90d7f5.jpg
/upload/iblock/f89/f893aaed088fcf847eeb4f6c3661bf45.jpg;/upload/iblock/25c/25cc2d6541384894446fbe0b5cd7350d.jpg
/upload/iblock/f89/f893aaed088fcf847eeb4f6c3661bf45.jpg;/upload/iblock/525/5253e74bc2672fecf7a1b5ed254d17c7.jpg
/upload/iblock/c9c/c9c94ed51422b54270c79d6d61f13ae4.jpg;/upload/iblock/81d/81dc53b33078ac0485acc40b7b51fa38.jpg
/upload/iblock/c9c/c9c94ed51422b54270c79d6d61f13ae4.jpg;/upload/iblock/eef/eef3e9ca4ad408525f64c10e1264c4e6.jpg
/upload/iblock/c9c/c9c94ed51422b54270c79d6d61f13ae4.jpg;/upload/iblock/c8a/c8aa89d09ec15b0e9d33a718642d4e4d.jpg
/upload/iblock/c9c/c9c94ed51422b54270c79d6d61f13ae4.jpg;/upload/iblock/863/863d530164390a2c2ab6e552f13a07d9.jpg
/upload/iblock/c9c/c9c94ed51422b54270c79d6d61f13ae4.jpg;/upload/iblock/8d1/8d104b722d7836ef284db9a765ff0c95.jpg
/upload/iblock/c9c/c9c94ed51422b54270c79d6d61f13ae4.jpg;/upload/iblock/fe9/fe906de2f44461f1de021eb61fae5d59.jpg
/upload/iblock/c9c/c9c94ed51422b54270c79d6d61f13ae4.jpg;/upload/iblock/61e/61e0cc05a4ae8329c5bd510518c11b1d.jpg
/upload/iblock/c9c/c9c94ed51422b54270c79d6d61f13ae4.jpg;/upload/iblock/a0a/a0af2e5d4312755b1688a9aaa238ee42.jpg
/upload/iblock/c9c/c9c94ed51422b54270c79d6d61f13ae4.jpg;/upload/iblock/b3f/b3f5bf49050d6c805f3d05b65972304c.jpg
/upload/iblock/c9c/c9c94ed51422b54270c79d6d61f13ae4.jpg;/upload/iblock/629/629a21aba4812370c1fa02cb0430fde5.jpg
/upload/iblock/c9c/c9c94ed51422b54270c79d6d61f13ae4.jpg;/upload/iblock/cdd/cdd406694f1311c00aecc8ae8da3600c.jpg
/upload/iblock/c9c/c9c94ed51422b54270c79d6d61f13ae4.jpg;/upload/iblock/991/991e6574a91986b5bccbcbebb5553a63.jpg
/upload/iblock/c9c/c9c94ed51422b54270c79d6d61f13ae4.jpg;/upload/iblock/3b5/3b5286b60d37f31104ea8d20e8f6e69d.jpg
/upload/iblock/c9c/c9c94ed51422b54270c79d6d61f13ae4.jpg;/upload/iblock/9ed/9ed079a79bd16275547a1cd61bdae271.jpg
/upload/iblock/c9c/c9c94ed51422b54270c79d6d61f13ae4.jpg;/upload/iblock/748/748b78874750215d708389200aab08a1.jpg
/upload/iblock/c9c/c9c94ed51422b54270c79d6d61f13ae4.jpg;/upload/iblock/2f3/2f3ca44740677248b5f22c60f0fde3b1.jpg
/upload/iblock/c9c/c9c94ed51422b54270c79d6d61f13ae4.jpg;/upload/iblock/55c/55c2f72df3900e73dcb4163aaa9adae5.jpg
/upload/iblock/c9c/c9c94ed51422b54270c79d6d61f13ae4.jpg;/upload/iblock/979/979a6e0a19f5d0450eefd4f9cd9842cd.jpg
/upload/iblock/c9c/c9c94ed51422b54270c79d6d61f13ae4.jpg;/upload/iblock/33c/33c04706209b7f0862ca86f41bbe77f9.jpg
/upload/iblock/c9c/c9c94ed51422b54270c79d6d61f13ae4.jpg;/upload/iblock/77a/77a344c2b13b25adf90ea2e9e689fb92.jpg
/upload/iblock/c9c/c9c94ed51422b54270c79d6d61f13ae4.jpg;/upload/iblock/cb9/cb907b31b16084acd0f8a4de7eb7301d.jpg
/upload/iblock/c9c/c9c94ed51422b54270c79d6d61f13ae4.jpg;/upload/iblock/4d7/4d7bc5763cd4aec4c8a153e7913f9648.jpg
/upload/iblock/c9c/c9c94ed51422b54270c79d6d61f13ae4.jpg;/upload/iblock/33d/33d49d1446eda584b86a8cf3bd90d7f5.jpg
/upload/iblock/c9c/c9c94ed51422b54270c79d6d61f13ae4.jpg;/upload/iblock/25c/25cc2d6541384894446fbe0b5cd7350d.jpg
/upload/iblock/c9c/c9c94ed51422b54270c79d6d61f13ae4.jpg;/upload/iblock/525/5253e74bc2672fecf7a1b5ed254d17c7.jpg
/upload/iblock/3eb/3eb522d2da9554940f98f874c2008c53.jpg;/upload/iblock/81d/81dc53b33078ac0485acc40b7b51fa38.jpg
/upload/iblock/3eb/3eb522d2da9554940f98f874c2008c53.jpg;/upload/iblock/eef/eef3e9ca4ad408525f64c10e1264c4e6.jpg
/upload/iblock/3eb/3eb522d2da9554940f98f874c2008c53.jpg;/upload/iblock/c8a/c8aa89d09ec15b0e9d33a718642d4e4d.jpg
/upload/iblock/3eb/3eb522d2da9554940f98f874c2008c53.jpg;/upload/iblock/863/863d530164390a2c2ab6e552f13a07d9.jpg
/upload/iblock/3eb/3eb522d2da9554940f98f874c2008c53.jpg;/upload/iblock/8d1/8d104b722d7836ef284db9a765ff0c95.jpg
/upload/iblock/3eb/3eb522d2da9554940f98f874c2008c53.jpg;/upload/iblock/fe9/fe906de2f44461f1de021eb61fae5d59.jpg
/upload/iblock/3eb/3eb522d2da9554940f98f874c2008c53.jpg;/upload/iblock/61e/61e0cc05a4ae8329c5bd510518c11b1d.jpg
/upload/iblock/3eb/3eb522d2da9554940f98f874c2008c53.jpg;/upload/iblock/a0a/a0af2e5d4312755b1688a9aaa238ee42.jpg
/upload/iblock/3eb/3eb522d2da9554940f98f874c2008c53.jpg;/upload/iblock/b3f/b3f5bf49050d6c805f3d05b65972304c.jpg
/upload/iblock/3eb/3eb522d2da9554940f98f874c2008c53.jpg;/upload/iblock/629/629a21aba4812370c1fa02cb0430fde5.jpg
/upload/iblock/3eb/3eb522d2da9554940f98f874c2008c53.jpg;/upload/iblock/cdd/cdd406694f1311c00aecc8ae8da3600c.jpg
/upload/iblock/3eb/3eb522d2da9554940f98f874c2008c53.jpg;/upload/iblock/991/991e6574a91986b5bccbcbebb5553a63.jpg
/upload/iblock/3eb/3eb522d2da9554940f98f874c2008c53.jpg;/upload/iblock/3b5/3b5286b60d37f31104ea8d20e8f6e69d.jpg
/upload/iblock/3eb/3eb522d2da9554940f98f874c2008c53.jpg;/upload/iblock/9ed/9ed079a79bd16275547a1cd61bdae271.jpg
/upload/iblock/3eb/3eb522d2da9554940f98f874c2008c53.jpg;/upload/iblock/748/748b78874750215d708389200aab08a1.jpg
/upload/iblock/3eb/3eb522d2da9554940f98f874c2008c53.jpg;/upload/iblock/2f3/2f3ca44740677248b5f22c60f0fde3b1.jpg
/upload/iblock/3eb/3eb522d2da9554940f98f874c2008c53.jpg;/upload/iblock/55c/55c2f72df3900e73dcb4163aaa9adae5.jpg
/upload/iblock/3eb/3eb522d2da9554940f98f874c2008c53.jpg;/upload/iblock/979/979a6e0a19f5d0450eefd4f9cd9842cd.jpg
/upload/iblock/3eb/3eb522d2da9554940f98f874c2008c53.jpg;/upload/iblock/33c/33c04706209b7f0862ca86f41bbe77f9.jpg
/upload/iblock/3eb/3eb522d2da9554940f98f874c2008c53.jpg;/upload/iblock/77a/77a344c2b13b25adf90ea2e9e689fb92.jpg
/upload/iblock/3eb/3eb522d2da9554940f98f874c2008c53.jpg;/upload/iblock/cb9/cb907b31b16084acd0f8a4de7eb7301d.jpg
/upload/iblock/3eb/3eb522d2da9554940f98f874c2008c53.jpg;/upload/iblock/4d7/4d7bc5763cd4aec4c8a153e7913f9648.jpg
/upload/iblock/3eb/3eb522d2da9554940f98f874c2008c53.jpg;/upload/iblock/33d/33d49d1446eda584b86a8cf3bd90d7f5.jpg
/upload/iblock/3eb/3eb522d2da9554940f98f874c2008c53.jpg;/upload/iblock/25c/25cc2d6541384894446fbe0b5cd7350d.jpg
/upload/iblock/3eb/3eb522d2da9554940f98f874c2008c53.jpg;/upload/iblock/525/5253e74bc2672fecf7a1b5ed254d17c7.jpg
/upload/iblock/42b/42b2d0ef72a9285276c37c153bf89e8c.jpg;/upload/iblock/81d/81dc53b33078ac0485acc40b7b51fa38.jpg
/upload/iblock/42b/42b2d0ef72a9285276c37c153bf89e8c.jpg;/upload/iblock/eef/eef3e9ca4ad408525f64c10e1264c4e6.jpg
/upload/iblock/42b/42b2d0ef72a9285276c37c153bf89e8c.jpg;/upload/iblock/c8a/c8aa89d09ec15b0e9d33a718642d4e4d.jpg
/upload/iblock/42b/42b2d0ef72a9285276c37c153bf89e8c.jpg;/upload/iblock/863/863d530164390a2c2ab6e552f13a07d9.jpg
/upload/iblock/42b/42b2d0ef72a9285276c37c153bf89e8c.jpg;/upload/iblock/8d1/8d104b722d7836ef284db9a765ff0c95.jpg
/upload/iblock/42b/42b2d0ef72a9285276c37c153bf89e8c.jpg;/upload/iblock/fe9/fe906de2f44461f1de021eb61fae5d59.jpg
/upload/iblock/42b/42b2d0ef72a9285276c37c153bf89e8c.jpg;/upload/iblock/61e/61e0cc05a4ae8329c5bd510518c11b1d.jpg
/upload/iblock/42b/42b2d0ef72a9285276c37c153bf89e8c.jpg;/upload/iblock/a0a/a0af2e5d4312755b1688a9aaa238ee42.jpg
/upload/iblock/42b/42b2d0ef72a9285276c37c153bf89e8c.jpg;/upload/iblock/b3f/b3f5bf49050d6c805f3d05b65972304c.jpg
/upload/iblock/42b/42b2d0ef72a9285276c37c153bf89e8c.jpg;/upload/iblock/629/629a21aba4812370c1fa02cb0430fde5.jpg
/upload/iblock/42b/42b2d0ef72a9285276c37c153bf89e8c.jpg;/upload/iblock/cdd/cdd406694f1311c00aecc8ae8da3600c.jpg
/upload/iblock/42b/42b2d0ef72a9285276c37c153bf89e8c.jpg;/upload/iblock/991/991e6574a91986b5bccbcbebb5553a63.jpg
/upload/iblock/42b/42b2d0ef72a9285276c37c153bf89e8c.jpg;/upload/iblock/3b5/3b5286b60d37f31104ea8d20e8f6e69d.jpg
/upload/iblock/42b/42b2d0ef72a9285276c37c153bf89e8c.jpg;/upload/iblock/9ed/9ed079a79bd16275547a1cd61bdae271.jpg
/upload/iblock/42b/42b2d0ef72a9285276c37c153bf89e8c.jpg;/upload/iblock/748/748b78874750215d708389200aab08a1.jpg
/upload/iblock/42b/42b2d0ef72a9285276c37c153bf89e8c.jpg;/upload/iblock/2f3/2f3ca44740677248b5f22c60f0fde3b1.jpg
/upload/iblock/42b/42b2d0ef72a9285276c37c153bf89e8c.jpg;/upload/iblock/55c/55c2f72df3900e73dcb4163aaa9adae5.jpg
/upload/iblock/42b/42b2d0ef72a9285276c37c153bf89e8c.jpg;/upload/iblock/979/979a6e0a19f5d0450eefd4f9cd9842cd.jpg
/upload/iblock/42b/42b2d0ef72a9285276c37c153bf89e8c.jpg;/upload/iblock/33c/33c04706209b7f0862ca86f41bbe77f9.jpg
/upload/iblock/42b/42b2d0ef72a9285276c37c153bf89e8c.jpg;/upload/iblock/77a/77a344c2b13b25adf90ea2e9e689fb92.jpg
/upload/iblock/42b/42b2d0ef72a9285276c37c153bf89e8c.jpg;/upload/iblock/cb9/cb907b31b16084acd0f8a4de7eb7301d.jpg
/upload/iblock/42b/42b2d0ef72a9285276c37c153bf89e8c.jpg;/upload/iblock/4d7/4d7bc5763cd4aec4c8a153e7913f9648.jpg
/upload/iblock/42b/42b2d0ef72a9285276c37c153bf89e8c.jpg;/upload/iblock/33d/33d49d1446eda584b86a8cf3bd90d7f5.jpg
/upload/iblock/42b/42b2d0ef72a9285276c37c153bf89e8c.jpg;/upload/iblock/25c/25cc2d6541384894446fbe0b5cd7350d.jpg
/upload/iblock/42b/42b2d0ef72a9285276c37c153bf89e8c.jpg;/upload/iblock/525/5253e74bc2672fecf7a1b5ed254d17c7.jpg
/upload/iblock/8fa/8fa2f332c972f7741449aa3308f0e025.jpg;/upload/iblock/81d/81dc53b33078ac0485acc40b7b51fa38.jpg
/upload/iblock/8fa/8fa2f332c972f7741449aa3308f0e025.jpg;/upload/iblock/eef/eef3e9ca4ad408525f64c10e1264c4e6.jpg
/upload/iblock/8fa/8fa2f332c972f7741449aa3308f0e025.jpg;/upload/iblock/c8a/c8aa89d09ec15b0e9d33a718642d4e4d.jpg
/upload/iblock/8fa/8fa2f332c972f7741449aa3308f0e025.jpg;/upload/iblock/863/863d530164390a2c2ab6e552f13a07d9.jpg
/upload/iblock/8fa/8fa2f332c972f7741449aa3308f0e025.jpg;/upload/iblock/8d1/8d104b722d7836ef284db9a765ff0c95.jpg
/upload/iblock/8fa/8fa2f332c972f7741449aa3308f0e025.jpg;/upload/iblock/fe9/fe906de2f44461f1de021eb61fae5d59.jpg
/upload/iblock/8fa/8fa2f332c972f7741449aa3308f0e025.jpg;/upload/iblock/61e/61e0cc05a4ae8329c5bd510518c11b1d.jpg
/upload/iblock/8fa/8fa2f332c972f7741449aa3308f0e025.jpg;/upload/iblock/a0a/a0af2e5d4312755b1688a9aaa238ee42.jpg
/upload/iblock/8fa/8fa2f332c972f7741449aa3308f0e025.jpg;/upload/iblock/b3f/b3f5bf49050d6c805f3d05b65972304c.jpg
/upload/iblock/8fa/8fa2f332c972f7741449aa3308f0e025.jpg;/upload/iblock/629/629a21aba4812370c1fa02cb0430fde5.jpg
/upload/iblock/8fa/8fa2f332c972f7741449aa3308f0e025.jpg;/upload/iblock/cdd/cdd406694f1311c00aecc8ae8da3600c.jpg
/upload/iblock/8fa/8fa2f332c972f7741449aa3308f0e025.jpg;/upload/iblock/991/991e6574a91986b5bccbcbebb5553a63.jpg
/upload/iblock/8fa/8fa2f332c972f7741449aa3308f0e025.jpg;/upload/iblock/3b5/3b5286b60d37f31104ea8d20e8f6e69d.jpg
/upload/iblock/8fa/8fa2f332c972f7741449aa3308f0e025.jpg;/upload/iblock/9ed/9ed079a79bd16275547a1cd61bdae271.jpg
/upload/iblock/8fa/8fa2f332c972f7741449aa3308f0e025.jpg;/upload/iblock/748/748b78874750215d708389200aab08a1.jpg
/upload/iblock/8fa/8fa2f332c972f7741449aa3308f0e025.jpg;/upload/iblock/2f3/2f3ca44740677248b5f22c60f0fde3b1.jpg
/upload/iblock/8fa/8fa2f332c972f7741449aa3308f0e025.jpg;/upload/iblock/55c/55c2f72df3900e73dcb4163aaa9adae5.jpg
/upload/iblock/8fa/8fa2f332c972f7741449aa3308f0e025.jpg;/upload/iblock/979/979a6e0a19f5d0450eefd4f9cd9842cd.jpg
/upload/iblock/8fa/8fa2f332c972f7741449aa3308f0e025.jpg;/upload/iblock/33c/33c04706209b7f0862ca86f41bbe77f9.jpg
/upload/iblock/8fa/8fa2f332c972f7741449aa3308f0e025.jpg;/upload/iblock/77a/77a344c2b13b25adf90ea2e9e689fb92.jpg
/upload/iblock/8fa/8fa2f332c972f7741449aa3308f0e025.jpg;/upload/iblock/cb9/cb907b31b16084acd0f8a4de7eb7301d.jpg
/upload/iblock/8fa/8fa2f332c972f7741449aa3308f0e025.jpg;/upload/iblock/4d7/4d7bc5763cd4aec4c8a153e7913f9648.jpg
/upload/iblock/8fa/8fa2f332c972f7741449aa3308f0e025.jpg;/upload/iblock/33d/33d49d1446eda584b86a8cf3bd90d7f5.jpg
/upload/iblock/8fa/8fa2f332c972f7741449aa3308f0e025.jpg;/upload/iblock/25c/25cc2d6541384894446fbe0b5cd7350d.jpg
/upload/iblock/8fa/8fa2f332c972f7741449aa3308f0e025.jpg;/upload/iblock/525/5253e74bc2672fecf7a1b5ed254d17c7.jpg
/upload/iblock/daa/daae7897f0f9ba33e293884e889b7d51.jpg;/upload/iblock/81d/81dc53b33078ac0485acc40b7b51fa38.jpg
/upload/iblock/daa/daae7897f0f9ba33e293884e889b7d51.jpg;/upload/iblock/eef/eef3e9ca4ad408525f64c10e1264c4e6.jpg
/upload/iblock/daa/daae7897f0f9ba33e293884e889b7d51.jpg;/upload/iblock/c8a/c8aa89d09ec15b0e9d33a718642d4e4d.jpg
/upload/iblock/daa/daae7897f0f9ba33e293884e889b7d51.jpg;/upload/iblock/863/863d530164390a2c2ab6e552f13a07d9.jpg
/upload/iblock/daa/daae7897f0f9ba33e293884e889b7d51.jpg;/upload/iblock/8d1/8d104b722d7836ef284db9a765ff0c95.jpg
/upload/iblock/daa/daae7897f0f9ba33e293884e889b7d51.jpg;/upload/iblock/fe9/fe906de2f44461f1de021eb61fae5d59.jpg
/upload/iblock/daa/daae7897f0f9ba33e293884e889b7d51.jpg;/upload/iblock/61e/61e0cc05a4ae8329c5bd510518c11b1d.jpg
/upload/iblock/daa/daae7897f0f9ba33e293884e889b7d51.jpg;/upload/iblock/a0a/a0af2e5d4312755b1688a9aaa238ee42.jpg
/upload/iblock/daa/daae7897f0f9ba33e293884e889b7d51.jpg;/upload/iblock/b3f/b3f5bf49050d6c805f3d05b65972304c.jpg
/upload/iblock/daa/daae7897f0f9ba33e293884e889b7d51.jpg;/upload/iblock/629/629a21aba4812370c1fa02cb0430fde5.jpg
/upload/iblock/daa/daae7897f0f9ba33e293884e889b7d51.jpg;/upload/iblock/cdd/cdd406694f1311c00aecc8ae8da3600c.jpg
/upload/iblock/daa/daae7897f0f9ba33e293884e889b7d51.jpg;/upload/iblock/991/991e6574a91986b5bccbcbebb5553a63.jpg
/upload/iblock/daa/daae7897f0f9ba33e293884e889b7d51.jpg;/upload/iblock/3b5/3b5286b60d37f31104ea8d20e8f6e69d.jpg
/upload/iblock/daa/daae7897f0f9ba33e293884e889b7d51.jpg;/upload/iblock/9ed/9ed079a79bd16275547a1cd61bdae271.jpg
/upload/iblock/daa/daae7897f0f9ba33e293884e889b7d51.jpg;/upload/iblock/748/748b78874750215d708389200aab08a1.jpg
/upload/iblock/daa/daae7897f0f9ba33e293884e889b7d51.jpg;/upload/iblock/2f3/2f3ca44740677248b5f22c60f0fde3b1.jpg
/upload/iblock/daa/daae7897f0f9ba33e293884e889b7d51.jpg;/upload/iblock/55c/55c2f72df3900e73dcb4163aaa9adae5.jpg
/upload/iblock/daa/daae7897f0f9ba33e293884e889b7d51.jpg;/upload/iblock/979/979a6e0a19f5d0450eefd4f9cd9842cd.jpg
/upload/iblock/daa/daae7897f0f9ba33e293884e889b7d51.jpg;/upload/iblock/33c/33c04706209b7f0862ca86f41bbe77f9.jpg
/upload/iblock/daa/daae7897f0f9ba33e293884e889b7d51.jpg;/upload/iblock/77a/77a344c2b13b25adf90ea2e9e689fb92.jpg
/upload/iblock/daa/daae7897f0f9ba33e293884e889b7d51.jpg;/upload/iblock/cb9/cb907b31b16084acd0f8a4de7eb7301d.jpg
/upload/iblock/daa/daae7897f0f9ba33e293884e889b7d51.jpg;/upload/iblock/4d7/4d7bc5763cd4aec4c8a153e7913f9648.jpg
/upload/iblock/daa/daae7897f0f9ba33e293884e889b7d51.jpg;/upload/iblock/33d/33d49d1446eda584b86a8cf3bd90d7f5.jpg
/upload/iblock/daa/daae7897f0f9ba33e293884e889b7d51.jpg;/upload/iblock/25c/25cc2d6541384894446fbe0b5cd7350d.jpg
/upload/iblock/daa/daae7897f0f9ba33e293884e889b7d51.jpg;/upload/iblock/525/5253e74bc2672fecf7a1b5ed254d17c7.jpg
/upload/iblock/55a/55a582462558a9bab5dc9029f3efaf4c.jpg;/upload/iblock/81d/81dc53b33078ac0485acc40b7b51fa38.jpg
/upload/iblock/55a/55a582462558a9bab5dc9029f3efaf4c.jpg;/upload/iblock/eef/eef3e9ca4ad408525f64c10e1264c4e6.jpg
/upload/iblock/55a/55a582462558a9bab5dc9029f3efaf4c.jpg;/upload/iblock/c8a/c8aa89d09ec15b0e9d33a718642d4e4d.jpg
/upload/iblock/55a/55a582462558a9bab5dc9029f3efaf4c.jpg;/upload/iblock/863/863d530164390a2c2ab6e552f13a07d9.jpg
/upload/iblock/55a/55a582462558a9bab5dc9029f3efaf4c.jpg;/upload/iblock/8d1/8d104b722d7836ef284db9a765ff0c95.jpg
/upload/iblock/55a/55a582462558a9bab5dc9029f3efaf4c.jpg;/upload/iblock/fe9/fe906de2f44461f1de021eb61fae5d59.jpg
/upload/iblock/55a/55a582462558a9bab5dc9029f3efaf4c.jpg;/upload/iblock/61e/61e0cc05a4ae8329c5bd510518c11b1d.jpg
/upload/iblock/55a/55a582462558a9bab5dc9029f3efaf4c.jpg;/upload/iblock/a0a/a0af2e5d4312755b1688a9aaa238ee42.jpg
/upload/iblock/55a/55a582462558a9bab5dc9029f3efaf4c.jpg;/upload/iblock/b3f/b3f5bf49050d6c805f3d05b65972304c.jpg
/upload/iblock/55a/55a582462558a9bab5dc9029f3efaf4c.jpg;/upload/iblock/629/629a21aba4812370c1fa02cb0430fde5.jpg
/upload/iblock/55a/55a582462558a9bab5dc9029f3efaf4c.jpg;/upload/iblock/cdd/cdd406694f1311c00aecc8ae8da3600c.jpg
/upload/iblock/55a/55a582462558a9bab5dc9029f3efaf4c.jpg;/upload/iblock/991/991e6574a91986b5bccbcbebb5553a63.jpg
/upload/iblock/55a/55a582462558a9bab5dc9029f3efaf4c.jpg;/upload/iblock/3b5/3b5286b60d37f31104ea8d20e8f6e69d.jpg
/upload/iblock/55a/55a582462558a9bab5dc9029f3efaf4c.jpg;/upload/iblock/9ed/9ed079a79bd16275547a1cd61bdae271.jpg
/upload/iblock/55a/55a582462558a9bab5dc9029f3efaf4c.jpg;/upload/iblock/748/748b78874750215d708389200aab08a1.jpg
/upload/iblock/55a/55a582462558a9bab5dc9029f3efaf4c.jpg;/upload/iblock/2f3/2f3ca44740677248b5f22c60f0fde3b1.jpg
/upload/iblock/55a/55a582462558a9bab5dc9029f3efaf4c.jpg;/upload/iblock/55c/55c2f72df3900e73dcb4163aaa9adae5.jpg
/upload/iblock/55a/55a582462558a9bab5dc9029f3efaf4c.jpg;/upload/iblock/979/979a6e0a19f5d0450eefd4f9cd9842cd.jpg
/upload/iblock/55a/55a582462558a9bab5dc9029f3efaf4c.jpg;/upload/iblock/33c/33c04706209b7f0862ca86f41bbe77f9.jpg
/upload/iblock/55a/55a582462558a9bab5dc9029f3efaf4c.jpg;/upload/iblock/77a/77a344c2b13b25adf90ea2e9e689fb92.jpg
/upload/iblock/55a/55a582462558a9bab5dc9029f3efaf4c.jpg;/upload/iblock/cb9/cb907b31b16084acd0f8a4de7eb7301d.jpg
/upload/iblock/55a/55a582462558a9bab5dc9029f3efaf4c.jpg;/upload/iblock/4d7/4d7bc5763cd4aec4c8a153e7913f9648.jpg
/upload/iblock/55a/55a582462558a9bab5dc9029f3efaf4c.jpg;/upload/iblock/33d/33d49d1446eda584b86a8cf3bd90d7f5.jpg
/upload/iblock/55a/55a582462558a9bab5dc9029f3efaf4c.jpg;/upload/iblock/25c/25cc2d6541384894446fbe0b5cd7350d.jpg
/upload/iblock/55a/55a582462558a9bab5dc9029f3efaf4c.jpg;/upload/iblock/525/5253e74bc2672fecf7a1b5ed254d17c7.jpg
/upload/iblock/c3b/c3b7e0ac39ccc36039d373b4466a9d7a.jpg;/upload/iblock/81d/81dc53b33078ac0485acc40b7b51fa38.jpg
/upload/iblock/c3b/c3b7e0ac39ccc36039d373b4466a9d7a.jpg;/upload/iblock/eef/eef3e9ca4ad408525f64c10e1264c4e6.jpg
/upload/iblock/c3b/c3b7e0ac39ccc36039d373b4466a9d7a.jpg;/upload/iblock/c8a/c8aa89d09ec15b0e9d33a718642d4e4d.jpg
/upload/iblock/c3b/c3b7e0ac39ccc36039d373b4466a9d7a.jpg;/upload/iblock/863/863d530164390a2c2ab6e552f13a07d9.jpg
/upload/iblock/c3b/c3b7e0ac39ccc36039d373b4466a9d7a.jpg;/upload/iblock/8d1/8d104b722d7836ef284db9a765ff0c95.jpg
/upload/iblock/c3b/c3b7e0ac39ccc36039d373b4466a9d7a.jpg;/upload/iblock/fe9/fe906de2f44461f1de021eb61fae5d59.jpg
/upload/iblock/c3b/c3b7e0ac39ccc36039d373b4466a9d7a.jpg;/upload/iblock/61e/61e0cc05a4ae8329c5bd510518c11b1d.jpg
/upload/iblock/c3b/c3b7e0ac39ccc36039d373b4466a9d7a.jpg;/upload/iblock/a0a/a0af2e5d4312755b1688a9aaa238ee42.jpg
/upload/iblock/c3b/c3b7e0ac39ccc36039d373b4466a9d7a.jpg;/upload/iblock/b3f/b3f5bf49050d6c805f3d05b65972304c.jpg
/upload/iblock/c3b/c3b7e0ac39ccc36039d373b4466a9d7a.jpg;/upload/iblock/629/629a21aba4812370c1fa02cb0430fde5.jpg
/upload/iblock/c3b/c3b7e0ac39ccc36039d373b4466a9d7a.jpg;/upload/iblock/cdd/cdd406694f1311c00aecc8ae8da3600c.jpg
/upload/iblock/c3b/c3b7e0ac39ccc36039d373b4466a9d7a.jpg;/upload/iblock/991/991e6574a91986b5bccbcbebb5553a63.jpg
/upload/iblock/c3b/c3b7e0ac39ccc36039d373b4466a9d7a.jpg;/upload/iblock/3b5/3b5286b60d37f31104ea8d20e8f6e69d.jpg
/upload/iblock/c3b/c3b7e0ac39ccc36039d373b4466a9d7a.jpg;/upload/iblock/9ed/9ed079a79bd16275547a1cd61bdae271.jpg
/upload/iblock/c3b/c3b7e0ac39ccc36039d373b4466a9d7a.jpg;/upload/iblock/748/748b78874750215d708389200aab08a1.jpg
/upload/iblock/c3b/c3b7e0ac39ccc36039d373b4466a9d7a.jpg;/upload/iblock/2f3/2f3ca44740677248b5f22c60f0fde3b1.jpg
/upload/iblock/c3b/c3b7e0ac39ccc36039d373b4466a9d7a.jpg;/upload/iblock/55c/55c2f72df3900e73dcb4163aaa9adae5.jpg
/upload/iblock/c3b/c3b7e0ac39ccc36039d373b4466a9d7a.jpg;/upload/iblock/979/979a6e0a19f5d0450eefd4f9cd9842cd.jpg
/upload/iblock/c3b/c3b7e0ac39ccc36039d373b4466a9d7a.jpg;/upload/iblock/33c/33c04706209b7f0862ca86f41bbe77f9.jpg
/upload/iblock/c3b/c3b7e0ac39ccc36039d373b4466a9d7a.jpg;/upload/iblock/77a/77a344c2b13b25adf90ea2e9e689fb92.jpg
/upload/iblock/c3b/c3b7e0ac39ccc36039d373b4466a9d7a.jpg;/upload/iblock/cb9/cb907b31b16084acd0f8a4de7eb7301d.jpg
/upload/iblock/c3b/c3b7e0ac39ccc36039d373b4466a9d7a.jpg;/upload/iblock/4d7/4d7bc5763cd4aec4c8a153e7913f9648.jpg
/upload/iblock/c3b/c3b7e0ac39ccc36039d373b4466a9d7a.jpg;/upload/iblock/33d/33d49d1446eda584b86a8cf3bd90d7f5.jpg
/upload/iblock/c3b/c3b7e0ac39ccc36039d373b4466a9d7a.jpg;/upload/iblock/25c/25cc2d6541384894446fbe0b5cd7350d.jpg
/upload/iblock/c3b/c3b7e0ac39ccc36039d373b4466a9d7a.jpg;/upload/iblock/525/5253e74bc2672fecf7a1b5ed254d17c7.jpg
/upload/iblock/4db/4dbf53d1bb350e7a5156677bdd57d091.jpg;/upload/iblock/716/7168ce1c2b820abbc36f690edd2aa4b9.jpg
/upload/iblock/602/602491f00a923c36e357f6c9d3322103.jpg;/upload/iblock/f6b/f6bc507901bdbbe259aadcbcf09f477e.jpg
/upload/iblock/aa7/aa7e311a71db742eb8573b1d2a52f89d.jpg;/upload/iblock/1ac/1ac9f986f540b05305f513af13cac9b1.jpg
/upload/iblock/472/472a4faad49778e40b2d905951ecf5ee.jpg;/upload/iblock/8df/8dfbc13a260d421f782032e5d756fdb4.jpg
/upload/iblock/826/8264a920e9ce34a3846e8d85584b34b1.jpg;/upload/iblock/af4/af4cd77678fffa79be37e202f0c02bc5.jpg
/upload/iblock/6bc/6bc3cdcfed1cd92047bb0ca09c03bedd.jpg;/upload/iblock/548/5488b014fb6996751528d7c5bebda019.jpg
/upload/iblock/312/31239ebd28e68ae64a28e70dca5ae53e.jpg;/upload/iblock/9b7/9b75f623294084610dd8c83a4c797217.jpg
/upload/iblock/283/2831bffd8fd6edbd73b19e24619b839f.jpg;/upload/iblock/38d/38d1520f29d0b09d9766e1904f1e4b79.jpg
/upload/iblock/e0c/e0cec8f77f58d1dd39eaa33c04b4c572.jpg;/upload/iblock/796/79667685942c8db18f5adcb8df2a2ca9.jpg
/upload/iblock/4fe/4fe206819c803c6bf48d1ea6964578ca.jpg;/upload/iblock/130/1309d62dd3e215fdd0e5d02c95ee452e.jpg
/upload/iblock/245/245ef4733b43cc4b65d7f93988e0601a.jpg;/upload/iblock/080/080902c16167298737ff25aac5a6095c.jpg
/upload/iblock/044/04484f038676b56e421933cab853fcef.jpg;/upload/iblock/658/6581aff7dab82eb7eea365e47bbc89ef.jpg
/upload/iblock/34f/34f587ef3fa8bedd6ea8c05dfd5b1354.jpg;/upload/iblock/51f/51ff788e74359ebb110d28a677b1d027.jpg
/upload/iblock/8d1/8d11f8823a3b6e5e14c77bbf1e7dc107.jpg;/upload/iblock/33d/33dbe022b20a6ac5bf7c78a1be4870b5.jpg
/upload/iblock/f3a/f3aa7f84c333b5acfe25e1765b32875b.jpg;/upload/iblock/974/974928582ada148d7c9e9d6b17b38f34.jpg
/upload/iblock/f3a/f3aa7f84c333b5acfe25e1765b32875b.jpg;/upload/iblock/d49/d493a20445142f178ce7e68837c419ae.jpg
/upload/iblock/f3a/f3aa7f84c333b5acfe25e1765b32875b.jpg;/upload/iblock/a23/a23a37f1f01b1c8b3c45536a41a69c26.jpg
/upload/iblock/f3a/f3aa7f84c333b5acfe25e1765b32875b.jpg;/upload/iblock/80c/80c2c77bbc201e14e3187c1cc1fab97e.jpg
/upload/iblock/096/096ee22def1cab3c9ca7c5ceb7e2dec2.png;
/upload/iblock/3a8/3a88d6debb49bbe1d53e3be19f36fef9.png;
/upload/iblock/cf0/cf0fac8818f5e17366f9dee39028eebb.png;
/upload/iblock/dac/dac5cca0b4b7436b47a64d62bc13d752.png;
/upload/iblock/8f2/8f26cdda0162b9018a08401a4f139942.png;
/upload/iblock/aaa/aaa6533b8206c62aa66e29bee2fba193.png;
/upload/iblock/2b4/2b48b780e54b369ad4bce58b6fc99d39.png;
/upload/iblock/b03/b03a402bf69570060daaa79aaafbdd29.png;
/upload/iblock/267/26783233e30c4f7884f8ab42a8dac882.png;
/upload/iblock/256/256fb30de6edb6b8c61a44bdb87b1ee1.png;
/upload/iblock/f49/f49fc94bfbd4f957629d5c963189c29a.png;
/upload/iblock/205/20560cc482e990bb58c4580102f2769c.png;
/upload/iblock/17a/17ac1168087e511e57a8021b3d7ba969.png;
/upload/iblock/629/62947b0cf7cb59e4b0ed24988acd5008.png;
/upload/iblock/bdd/bdddee992b5bbf17de28101a1a0a7359.png;
/upload/iblock/be8/be8cc920d54e5be2c95087fa41e2157f.png;
/upload/iblock/1e4/1e4ea047625778c6724712b32301e552.png;
/upload/iblock/9aa/9aafed7ee4aca488d1eeb835f98acad3.png;
/upload/iblock/b58/b5813bd607eb19da992156ef6ade993b.png;
/upload/iblock/60b/60b452e593f586698e0d53e62de8ec12.png;
/upload/iblock/9f0/9f0a4af9a01a7bf8d7336f099ac93786.png;
/upload/iblock/502/502830b31f3653c5fcaf97c19ee4a187.png;
/upload/iblock/cd1/cd15dab449875129a1cd1c927912fa53.png;
/upload/iblock/fd0/fd043971951d54f3b638d9218bebbd71.png;/upload/iblock/789/7892d5943c27dc17ff785febdd71625f.png
/upload/iblock/a6e/a6e77e836293563c64cd2c7ee2cd8b2e.png;/upload/iblock/f84/f8470958bab3eb040b5f03a98f178d53.png
/upload/iblock/7f9/7f9966ea6c976fc600699dd5c5e2c71e.png;/upload/iblock/6b0/6b02d1a0ef2e8f46416270260b0027bf.png
/upload/iblock/484/4843d443c537e99a58c1274624f7394e.png;
/upload/iblock/ef8/ef883d01d65ca4e770394ba21ad3f9a6.png;
/upload/iblock/66c/66cdc09ed848330200780320ea5feaf1.jpg;/upload/iblock/f7e/f7e17eda3fbe1fc15c9ce470e0c8cb15.jpg
/upload/iblock/66c/66cdc09ed848330200780320ea5feaf1.jpg;/upload/iblock/413/41383e008f626684b7c249a9451e9964.jpg
/upload/iblock/66c/66cdc09ed848330200780320ea5feaf1.jpg;/upload/iblock/a84/a843129619249e1b68ca407261c01c99.jpg
/upload/iblock/66c/66cdc09ed848330200780320ea5feaf1.jpg;/upload/iblock/e88/e88419b9d39183c85efe440fc59de95b.jpg
/upload/iblock/ec3/ec3badc29b96f93184202e3165ee87f7.jpg;/upload/iblock/b83/b834548f27704beba89e8c168a62ca23.png
/upload/iblock/ec3/ec3badc29b96f93184202e3165ee87f7.jpg;/upload/iblock/329/329489d48a2b8259092a90d95d8fc43a.jpg
/upload/iblock/ec3/ec3badc29b96f93184202e3165ee87f7.jpg;/upload/iblock/597/597bbd4ab0db3e5891cacb9cdae88462.jpg
/upload/iblock/ec3/ec3badc29b96f93184202e3165ee87f7.jpg;/upload/iblock/eb5/eb5889414bca41173e4c8e42ded49919.jpg
/upload/iblock/ec3/ec3badc29b96f93184202e3165ee87f7.jpg;/upload/iblock/a42/a42b0248d01f68e109acaba89c42d0a2.jpg
/upload/iblock/ec3/ec3badc29b96f93184202e3165ee87f7.jpg;/upload/iblock/7eb/7ebce6a4d793d8b1ab0e7f7483987411.jpg
/upload/iblock/ec3/ec3badc29b96f93184202e3165ee87f7.jpg;/upload/iblock/08c/08cbf43640f0168232b75002f0b05362.jpg
